{
  "train_loss": [
    0.18129932423111764,
    0.031007200000765785
  ],
  "train_accuracy": [
    0.9298866855524079,
    0.9922096317280453
  ],
  "val_loss": [
    0.044305090326815844,
    0.02045966189746794
  ],
  "val_accuracy": [
    0.9900990099009901,
    0.9933993399339934
  ],
  "val_f1": [
    0.9900987942048931,
    0.9933993399339934
  ]
}